e,r,se_DNC,sp_DNC,pres_DNC,se_RC,sp_RC,pres_RC,se_GCO,sp_GCO,pres_GCO,se_SZCO,sp_SZCO,pres_SZCO,se_LZCO,sp_LZCO,pres_LZCO,se_NLR,sp_NLR,pres_NLR,se_NLR_A,sp_NLR_A,pres_NLR_A,se_NLME,sp_NLME,pres_NLME,se_NLME_A,sp_NLME_A,pres_NLME_A
0,0,NaN,100,100,NaN,100,92.70185118422496,NaN,100,92.70185118422496,NaN,99.88243961314795,92.57841277803031,NaN,99.07675909525526,91.73393733247644,NaN,99.99882439613148,92.70028371240026,NaN,99.9984325281753,92.70185118422496,NaN,99.60578083608948,92.28725488659342,NaN,99.75704186717243,92.59683057197047
0.001,0,0,100,100,0,99.99686201905538,92.70185118422496,63.1578947368421,99.99686201905538,92.6407197830619,15.789473684210526,99.99686201905538,92.68656833393419,46.15384615384615,99.76425918153612,92.41265263256892,44.534412955465584,99.99882325714577,92.66854240795021,70.04048582995951,99.9984310095277,92.67677163502987,89.47368421052632,99.69561584837277,92.30449707666504,92.3076923076923,99.81485912426797,92.59604683605812
0.002,0,0,100,100,0,99.9929326679571,92.70185118422496,61.61616161616161,99.9929326679571,92.58233145759205,15.151515151515152,99.9929326679571,92.67246108751195,28.888888888888886,99.94856552791008,92.59918177970751,45.45454545454545,99.99882211132618,92.6348417637193,68.88888888888889,99.99842948176824,92.65639450130884,83.83838383838383,99.71691408872643,92.26491841309152,90.30303030303031,99.83470295610795,92.58625013715378
0.005,0,0,100,100,0.08064516129032258,99.98109849260479,92.70185118422496,60.88709677419355,99.98109849260479,92.40638274527015,12.258064516129032,99.98109849260479,92.64267912284276,21.370967741935484,99.96259076661363,92.57919651394266,44.03225806451613,99.99842487438373,92.54196905810618,68.46774193548387,99.99803109297967,92.5831151935044,84.59677419354838,99.76766897160049,92.10190134332336,91.61290322580645,99.84406256398948,92.53883411445679
0.01,0,0,100,100,0.12106537530266344,99.95528471370345,92.70185118422496,61.420500403551245,99.95528471370345,92.10660375879743,11.945117029862793,99.95528471370345,92.58703387306613,16.06133979015335,99.95132760872146,92.54236092606234,44.83454398708636,99.998021447509,92.38287066789974,69.04761904761905,99.9976257370108,92.46673041052087,82.84907183212268,99.78315064698666,91.78997445020926,89.7497982243745,99.8444857742076,92.503174130445
0.02,0,0,100,100,0.16061031921300944,99.8992833933503,92.70185118422496,60.85123469182895,99.8992833933503,91.5172343527125,9.275245934551295,99.8992833933503,92.5239431321222,13.712106002810682,99.89768471705428,92.43577284198317,44.91066050993776,99.99720231648195,92.06349828361834,68.92190323228267,99.99680264740795,92.2327852406853,79.50210801043967,99.88129828502001,91.26879006849852,87.1913270427625,99.89408769538822,92.47966205307459
0.05,0,0,100,100,0.49047197877301596,99.74788981301828,92.70185118422496,61.871834043579646,99.74788981301828,89.71033120679655,7.533971214923213,99.74788981301828,92.35857485461699,9.857682720913404,99.74788981301828,92.24532501528286,44.922408941062955,99.99299693925052,91.09205762026427,69.69526413122136,99.99258499450053,91.49450601125444,NA,NA,NA,NA,NA,NA
0.1,0,0,100,100,1.0073333870577805,99.47302166080652,92.70185118422496,61.99935530663229,99.47302166080652,86.77014593162687,7.691997743573213,99.47302166080652,92.05174224493314,10.230477878958819,99.47302166080652,91.80486543254385,44.61278104601499,99.98437296522985,89.49127701929558,69.36497703279878,99.98393888093068,90.29421446149506,56.007736320412604,99.98871380822155,88.39287113814129,79.4020469014425,99.98784563962322,90.42235528316378
0.2,0,0,100,100,2.0961402801572104,98.85150287245892,92.70185118422496,62.1626524236622,98.85150287245892,81.02340235434268,8.01572105210118,98.85150287245892,91.55093499694344,11.137760757835332,98.85150287245892,90.9439315328307,43.96654237629749,99.96059793844523,86.34967161465272,68.78564950115891,99.960111493240845,87.87599730394847,50.48473243978635,99.97713707539414,85.1054908538019,75.29577748664718,99.97665063018977,87.87521356803612
0.5,0,0,100,100,4.491820971496226,96.29471338406002,92.70185118422496,62.73326943677059,96.29471338406002,64.36509553740771,8.927262622927053,96.29471338406002,90.54383434957757,12.045039022543675,96.29471338406002,89.02691349123,42.28690630562424,99.7054087263125,76.93073342006677,67.40630965133417,99.7054087263125,80.48027336708623,NA,NA,NA,NA,NA,NA
0,0.1,NaN,100,100,NaN,100,92.70185118422496,NaN,100,92.70185118422496,NaN,99.88243961314795,92.57841277803031,NaN,99.07675909525526,91.73393733247644,NaN,99.99882439613148,92.70028371240026,NaN,99.9984325281753,92.70185118422496,NaN,99.60578083608948,92.28725488659342,NaN,99.75704186717243,92.59683057197047
0.001,0.1,0,100,100,0,99.99607750843336,92.70185118422496,61.29032258064516,99.99607750843336,92.6422872548866,14.112903225806454,99.99607750843336,92.68813580575889,43.54838709677419,99.81015140817448,92.46437920278383,49.193548387096776,99.99882325253002,92.66462372838848,70.96774193548387,99.99843100337334,92.68029844663542,90.7258064516129,99.69090766454852,92.29901092527861,92.74193548387096,99.82584137444105,92.59134442058404
0.002,0.1,0,100,100,0,99.99293239046186,92.70185118422496,59.20792079207921,99.99293239046186,92.58468266532908,13.861386138613863,99.99293239046186,92.67442042729282,26.13861386138614,99.96387666236066,92.61877517751618,47.12871287128713,99.99842942010264,92.63053121620139,68.9108910891089,99.9980367751283,92.6583538410897,85.54455445544555,99.72436322801286,92.26570214900387,90.6930693069307,99.83705233564864,92.58860134489083
0.005,0.1,0,100,100,0.08058017727639001,99.98070463521917,92.70185118422496,59.22643029814666,99.98070463521917,92.41422010439362,11.84528605962933,99.98070463521917,92.64463846262363,20.386784850926674,99.96377196816658,92.58546640124143,47.94520547945205,99.99842486818116,92.52198379234133,68.89605157131345,99.99803108522644,92.59878991175134,86.05962933118452,99.74089081580014,92.06859256704861,91.45850120870266,99.82870441470071,92.53648290671975
0.01,0.1,0,100,100,0.12,99.95488507566644,92.70185118422496,59.96,99.95488507566644,92.11561672178942,10.879999999999999,99.95488507566644,92.59643870401429,15.24,99.94934464636232,92.54745520949261,47.52,99.99802127524853,92.35504804301142,69.48,99.99762553029822,92.48514820446103,83.28,99.79737858544925,91.79702807342038,89.03999999999999,99.85515734819224,92.51297082934934
0.02,0.1,0,100,100,0.16012810248198558,99.89927735499137,92.70185118422496,60.168134507606084,99.89927735499137,91.52703105161685,8.466773418734988,99.89927735499137,92.53922598241296,12.590072057646118,99.89767858284837,92.45693371161653,47.818254603682945,99.99760184178551,92.0051099581485,69.95596477181746,99.99720214874976,92.26570214900387,78.76301040832666,99.88129116838267,91.27897863535904,86.68935148118496,99.89967704802712,92.44282646519429
0.05,0.1,0,100,100,0.49895380653468535,99.74666545835017,92.70185118422496,61.16207951070336,99.74666545835017,89.74795053058922,6.993400933526477,99.74666545835017,92.38561374359296,8.948977949460808,99.74666545835017,92.2903898302428,47.95589892161597,99.99093762615236,90.94432340078687,70.24786737485917,99.99052570006837,91.61245826606267,NA,NA,NA,NA,NA,NA
0.1,0.1,0,100,100,1.0057124466972405,99.47119350497114,92.70185118422496,61.10708826132433,99.47119350497114,86.84734391899306,7.140558371550407,99.47119350497114,92.1042525510604,9.3289886555636,99.47119350497114,91.89107638290201,47.521924531338,99.98002865453914,89.2040378074204,69.86483224716389,99.9795944948552,90.51914666833864,59.77552498189718,99.98523857074632,88.01824537203944,80.23573899750583,99.98437025137845,90.68921736131793
0.2,0.1,0,100,100,2.0925884977988622,98.84249005797285,92.70185118422496,61.17956861720305,98.84249005797285,81.18328448046145,7.592417633224113,98.84249005797285,91.6297004561343,10.2317727702173,98.84249005797285,91.1151778296785,46.776690051661404,99.96008586406802,85.78498988980672,69.1358272860675,99.95959910631275,88.33448281267144,53.73590367258328,99.972741565705,84.45028763107983,76.05483747763684,99.97225480794972,88.32546984967945
0.5,0.1,0,100,100,4.483335209093687,96.26970656146307,92.70185118422496,61.892052671350704,96.26970656146307,64.71738483000769,8.61777899255591,96.26970656146307,90.68647428562471,11.496535202662509,96.26970656146307,89.28319513456746,45.241731916330366,99.66053488692141,75.42517673244824,67.84973551779025,99.66053488692141,81.68134865275796,NA,NA,NA,NA,NA,NA
0,0.2,NaN,100,100,NaN,100,92.70185118422496,NaN,100,92.70185118422496,NaN,99.88243961314795,92.57841277803031,NaN,99.07675909525526,91.73393733247644,NaN,99.99882439613148,92.70028371240026,NaN,99.9984325281753,92.70185118422496,NaN,99.60578083608948,92.28725488659342,NaN,99.75704186717243,92.59683057197047
0.001,0.2,0,100,100,0,99.99607749304735,92.70185118422496,60.24096385542169,99.99607749304735,92.64307099079893,13.253012048192772,99.99607749304735,92.68891954167124,47.791164658634536,99.82427168852158,92.47613524146904,49.79919678714859,99.99843099721895,92.66344812451996,70.68273092369478,99.99803874652368,92.68147405050394,87.95180722891565,99.69757471395117,92.30919949213913,90.76305220883533,99.82701744338843,92.59408749627725
0.002,0.2,0,100,100,0,99.99293264020856,92.70185118422496,61.08870967741935,99.99293264020856,92.5831151935044,12.298387096774194,99.99293264020856,92.67794723889838,29.838709677419356,99.9446390149671,92.59252002445257,49.79838709677419,99.99882210670143,92.62700440459582,70.76612903225806,99.9984294756019,92.66070504882676,87.09677419354838,99.70474141315785,92.24454127937051,92.13709677419355,99.81585601432317,92.57214289073154
0.005,0.2,0,100,100,0.07974481658692185,99.98070364740444,92.70185118422496,58.69218500797449,99.98070364740444,92.41382823643744,10.925039872408293,99.98070364740444,92.64855714218537,21.850079744816586,99.97007096332118,92.58350706146057,50,99.99881859065741,92.50787654591909,69.05901116427432,99.99842478754321,92.60623540291863,85.56618819776715,99.77238179999527,92.0968070598931,90.82934609250398,99.85823087888978,92.5431446619747
0.01,0.2,0,100,100,0.12057877813504825,99.95647012267511,92.70185118422496,59.68649517684887,99.95647012267511,92.12110287317586,9.807073954983924,99.95647012267511,92.60741100678716,15.836012861736334,99.95172140878512,92.5431446619747,50.7636655948553,99.99802136921251,92.32213113469285,70.53858520900322,99.99762564305502,92.50434973431354,84.36495176848875,99.80767708745549,91.79585246955186,89.54983922829582,99.86347447566284,92.49337743154067
0.02,0.2,0,100,100,0.16035277610743637,99.89848080927581,92.70185118422496,59.39065945079174,99.89848080927581,91.5438813737323,7.877330126277811,99.89848080927581,92.55098202109818,11.605532170775707,99.89808112742257,92.47770271329372,50.69152134696332,99.99480413590783,91.94515416085396,70.57526558428543,99.99440445405457,92.30841575622678,NA,NA,NA,NA,NA,NA
0.05,0.2,0,100,100,0.49755236337372605,99.74786488524144,92.70185118422496,59.89888451970147,99.74786488524144,89.8012445726288,6.548431105047749,99.74786488524144,92.40638274527015,8.089238423882513,99.74786488524144,92.33114409768484,51.04726747452051,99.99423220325716,90.78757621831748,70.716635904020535,99.99382021777554,91.73393733247644,NA,NA,NA,NA,NA,NA
0.1,0.2,0,100,100,1.0018835410571876,99.46923795252677,92.70185118422496,59.83248507193524,99.46923795252677,86.94922958759817,6.5723560293351495,99.46923795252677,92.15715472514383,8.407806676551917,99.46923795252677,91.97767920121636,50.230433214443146,99.98088909158034,88.92424408671255,70.10780266901774,99.98045475275262,90.74721381883161,63.162745962409325,99.98132343040807,87.66595607943947,80.83997916082235,99.98045475275262,90.93805351348809
0.2,0.2,0,100,100,2.0877579643358044,98.83767378871579,92.70185118422496,60.34261671007815,98.83767378871579,81.3082903584808,7.104788619515127,98.83767378871579,91.72061382196655,9.330795431777199,98.83767378871579,91.28524852265781,49.7194950911641,99.9532341507614,85.17681082182548,69.65738328992185,99.9527470064985,88.79453579321913,57.03265878581446,99.97077134422588,83.76961299120649,76.93247846123022,99.97028419996298,88.7667131683308
0.5,0.2,0,100,100,4.478976234003657,96.23444110613771,92.70185118422496,61.181404150229326,96.23444110613771,64.99012492750444,8.31408961159755,96.23444110613771,90.82754674984717,11.009012476346259,96.23444110613771,89.51047854914808,48.17505372205651,99.61064442945613,73.91491762935561,68.49161294461015,99.61064442945613,82.77270091070112,47.152731004843,99.8267827579864,74.57639073937646,67.58635620128933,99.8267827579864,82.68805743216767
0,0.30000000000000004,NaN,100,100,NaN,100,92.70185118422496,NaN,100,92.70185118422496,NaN,99.88243961314795,92.57841277803031,NaN,99.07675909525526,91.73393733247644,NaN,99.99882439613148,92.70028371240026,NaN,99.9984325281753,92.70185118422496,NaN,99.60578083608948,92.28725488659342,NaN,99.75704186717243,92.59683057197047
0.001,0.30000000000000004,0,100,100,0,99.99607749304735,92.70185118422496,59.43775100401606,99.99607749304735,92.64385472671128,10.843373493975903,99.99607749304735,92.69127074940829,50.20080321285141,99.83800046285583,92.48514820446103,55.82329317269076,99.9988232479142,92.65796197313352,73.89558232931726,99.99843099721895,92.6834333902848,90.36144578313254,99.69208320421747,92.30018652914714,93.17269076305222,99.82309493643578,92.58233145759205
0.002,0.30000000000000004,0,100,100,0,99.99293261245981,92.70185118422496,59.356136820925556,99.99293261245981,92.58625013715378,10.865191146881289,99.99293261245981,92.6806903145916,29.77867203219316,99.95209881778312,92.60035738357602,53.72233400402414,99.99842946943551,92.61877517751618,71.6297786720322,99.99803683679438,92.66540746430083,86.51911468812877,99.70513288651739,92.24689248710754,90.74446680080483,99.8178184545194,92.56430553160807
0.005,0.30000000000000004,0,100,100,0.08019246190858059,99.98109797157608,92.70185118422496,58.861267040898156,99.98109797157608,92.41461197234979,9.943865276663994,99.98109797157608,92.65365142561562,21.972734562951082,99.96849661929346,92.58115585372353,53.32798716920609,99.99803103870583,92.49376929949685,70.16840417000802,99.99763724644701,92.61759957364767,86.7682437850842,99.74127848594753,92.06193081179366,91.17882919005613,99.82239969126687,92.51493016913021
0.01,0.30000000000000004,0,100,100,0.12028869286287089,99.95488614688121,92.70185118422496,58.821170809943865,99.95488614688121,92.12815649638698,8.219727345629511,99.95488614688121,92.62269385707792,16.15878107457899,99.95172026245181,92.54118532219383,53.52846832397755,99.996834115570607,92.29430850980454,70.2485966319166,99.99643838001694,92.53256422715802,86.48757016840418,99.77759661883543,91.74373403138078,90.73777064955894,99.848433282943,92.46751414643322
0.02,0.30000000000000004,0,100,100,0.15990405756546072,99.90007394528048,92.70185118422496,58.34499300419748,99.90007394528048,91.56112356380393,7.215670597641415,99.90007394528048,92.56352179569572,10.713571856885869,99.8996742410616,92.49455303540918,52.728362982210676,99.99640266203009,91.90126494976253,70.29782130721567,99.99600295781121,92.35112936344969,82.07075754547272,99.84771269260747,91.17199868332366,88.06715970417748,99.87289405839678,92.38874868724236
0.05,0.30000000000000004,0,100,100,0.4794246903715541,99.74616047108661,92.70185118422496,58.673591689972035,99.74616047108661,89.84787685941346,5.944866160607272,99.74616047108661,92.4338135022023,7.167399121054735,99.74574839392928,92.37346583695158,53.49580503395926,99.99299468832544,90.6586516607364,70.78705553335996,99.99258261116812,91.83934981268712,NA,NA,NA,NA,NA,NA
0.1,0.30000000000000004,0,100,100,0.9986019572598361,99.4638349272006,92.70185118422496,58.985420411424,99.4638349272006,87.01310406445444,5.959656480926703,99.4638349272006,92.2151511826575,7.477531455961654,99.4638349272006,92.06624135931156,53.32135010984621,99.98218576338348,88.60761477812437,70.7209906131416,99.98175126980748,90.97763217706162,66.89434791292192,99.98001329550343,87.2783986707839,81.52586379069304,99.9791443083514,91.21314481872189
0.2,0.30000000000000004,0,100,100,2.087332053742802,98.83658588891272,92.70185118422496,59.48696417146513,98.83658588891272,81.4517140304403,6.565898912348049,98.83658588891272,91.82406696239636,8.475287907869482,98.83658588891272,91.44983306425067,52.62116122840691,99.95418478154915,84.58156339639795,70.11556301983364,99.95369738560818,89.26438547267112,60.16274792066538,99.9780671826565,83.14066492154804,77.5911708253359,99.97757978671554,89.22010439362353
0.5,0.30000000000000004,0,100,100,4.46041095561967,96.22188905547226,92.70185118422496,60.355010669501205,96.22188905547226,65.29578193331974,7.947379778298154,96.22188905547226,90.99213129144003,10.353811849140445,96.22188905547226,89.81221687540166,51.21120817115958,99.58559181947489,72.34627020079314,69.11838750669341,99.58559181947489,83.92165775820179,NA,NA,NA,NA,NA,NA
0,0.4,NaN,100,100,NaN,100,92.70185118422496,NaN,100,92.70185118422496,NaN,99.88243961314795,92.57841277803031,NaN,99.07675909525526,91.73393733247644,NaN,99.99882439613148,92.70028371240026,NaN,99.9984325281753,92.70185118422496,NaN,99.60578083608948,92.28725488659342,NaN,99.75704186717243,92.59683057197047
0.001,0.4,0,100,100,0,99.99607747766123,92.70185118422496,58.4,99.99607747766123,92.64463846262363,10,99.99607747766123,92.69205448532063,53.2,99.7630796507386,92.40403153753311,54,99.99882324329838,92.65913757700204,68.8,99.9984309910645,92.68656833393419,88.4,99.69953478885061,92.3095913600953,91.2,99.82544775592497,92.588993212847
0.002,0.4,0,100,100,0,99.99293247371273,92.70185118422496,57.171314741035864,99.99293247371273,92.58938508080318,10.159362549800797,99.99293247371273,92.68186591846012,39.44223107569721,99.93482170201739,92.5639136636519,57.96812749003985,99.99842943860283,92.60937034656803,72.50996015936255,99.99803679825354,92.67246108751195,87.64940239043824,99.71494310641339,92.25081116666928,91.43426294820716,99.82802352700973,92.56900794708216
0.005,0.4,0,100,100,0.07980845969672785,99.98070372339379,92.70185118422496,57.940941739824424,99.98070372339379,92.41774691599919,8.619313647246608,99.98070372339379,92.65992131291439,21.86751795690343,99.9645578592947,92.57762904211798,56.18515562649641,99.99842479374644,92.48005392103077,71.18914604948124,99.99803099218305,92.62269385707792,87.86911412609737,99.71331246185048,92.02705456369422,91.77972865123704,99.81373186051549,92.49807984701475
0.01,0.4,0,100,100,0.11971268954509177,99.95567551309551,92.70185118422496,57.302474062250596,99.95567551309551,92.14030440302835,7.182761372705507,99.95567551309551,92.63249055598226,15.003990422984836,99.95290523266398,92.5521576249667,55.985634477254585,99.99762547391583,92.26766148878474,70.4708699122107,99.99722971956847,92.55450883270373,86.11332801276936,99.79776952849826,91.76567863692651,90.18355945730248,99.86109022407611,92.46751414643322
0.02,0.4,0,100,100,0.15958507879513265,99.89847107025082,92.70185118422496,57.5902653101935,99.89847107025082,91.57366333840149,6.602832635148613,99.89847107025082,92.57527783438093,9.894274885298225,99.8976716298591,92.50983588569996,55.95451825254338,99.99640251823723,91.84170102042415,71.43427089567126,99.99600279804137,92.38678934746149,NA,NA,NA,NA,NA,NA
0.05,0.4,0,100,100,0.4861719933051726,99.74571486269839,92.70185118422496,57.50378576552164,99.74571486269839,89.89842782575982,5.3399218936797634,99.74571486269839,92.46320359891531,7.866422252331234,99.74530273119548,92.33858958885214,56.212640471825935,99.9876360549124,90.5152279887769,71.37164262373476,99.98722392340949,91.94476229289779,NA,NA,NA,NA,NA,NA
0.1,0.4,0,100,100,0.9961746891934969,99.46456200128644,92.70185118422496,57.82993305706089,99.46456200128644,87.11263852532251,5.211985973860376,99.46456200128644,92.28725488659342,6.582722346190629,99.46456200128644,92.15245230966973,56.12049729040485,99.97870417050571,88.31332194303808,70.93560726809052,99.97826956174052,91.22450898945091,69.7919987248964,99.97653112667976,86.97744408044265,82.00510041440867,99.97566190914938,91.42671285483644
0.2,0.4,0,100,100,2.082544490723211,98.82736855455127,92.70185118422496,58.52647521871699,98.82736855455127,81.60297506152327,6.026425397078459,98.82736855455127,91.92634449895763,7.55893899838578,98.82736855455127,91.62499804066022,55.62087725941131,99.95561170485199,83.96515510133705,70.76665537376194,99.95512392138882,89.72247911343794,63.10010163614261,99.97951309454707,82.52778343809271,78.12431495247016,99.9790253110839,89.66526639183661
0.5,0.4,0,100,100,4.451899248587616,96.19094617205512,92.70185118422496,59.41257559941672,96.19094617205512,65.67315077511482,7.530060479533375,96.19094617205512,91.18806526952679,9.571543542873535,96.19094617205512,90.1840995658103,54.076989888204494,99.53504869266179,70.84306472091164,69.61839725252396,99.53504869266179,85.05885856701725,53.33115532642214,99.8365345320801,71.41989435239901,68.90363913081588,99.8365345320801,85.03181967804129
0,0.5,NaN,100,100,NaN,100,92.70185118422496,NaN,100,92.70185118422496,NaN,99.88243961314795,92.57841277803031,NaN,99.07675909525526,91.73393733247644,NaN,99.99882439613148,92.70028371240026,NaN,99.9984325281753,92.70185118422496,NaN,99.60578083608948,92.28725488659342,NaN,99.75704186717243,92.59683057197047
0.001,0.5,0,100,100,0,99.99607744688863,92.70185118422496,55.55555555555556,99.99607744688863,92.64698967036068,8.333333333333332,99.99607744688863,92.69362195714533,59.92063492063492,99.8066181316095,92.44204272928194,60.71428571428571,99.99882323406659,92.65286768970327,73.4126984126984,99.99843097875545,92.68852767371506,92.06349206349206,99.69953243166913,92.3068482844021,94.84126984126983,99.82701540778862,92.58664200510995
0.002,0.5,0,100,100,0,99.99293236271114,92.70185118422496,55.92885375494071,99.99293236271114,92.59095255262787,8.695652173913043,99.99293236271114,92.68460899415332,41.89723320158103,99.91047659434118,92.53178049124567,58.498023715415016,99.99882206045186,92.60741100678716,70.15810276679841,99.99842941393581,92.67794723889838,89.72332015810277,99.72514743876678,92.25708105396807,91.50197628458498,99.83980022145263,92.5666567393451
0.005,0.5,0,100,100,0.07974481658692185,99.98109745051865,92.70185118422496,57.336523125996806,99.98109745051865,92.4204899916924,7.256778309409888,99.98109745051865,92.66658306816934,25.996810207336523,99.96731434152181,92.55921124817782,59.409888357256776,99.99803098442902,92.4620279950468,72.16905901116426,99.99763718131483,92.636409235544,88.83572567783095,99.72039978892153,92.02862203551891,92.02551834130782,99.82869564532515,92.4972961111024
0.01,0.5,0,100,100,0.11961722488038277,99.95567516226058,92.70185118422496,56.37958532695375,99.95567516226058,92.14892549806417,5.940988835725678,99.95567516226058,92.64463846262363,14.393939393939394,99.95250910242204,92.55764377635312,59.370015948963314,99.9976254551211,92.23435271250999,71.9298245614035,99.99722969764129,92.57018355095067,87.08133971291866,99.79104005065696,91.74412589933696,90.55023923444976,99.84921640018996,92.4471370127122
0.02,0.5,0,100,100,0.15888778550148958,99.8984621411696,92.70185118422496,56.524329692154915,99.8984621411696,91.5897299246046,5.779543197616683,99.8984621411696,92.59095255262787,8.897715988083416,99.8968631197707,92.52786181168393,58.80834160873882,99.99560269115302,91.77861027948022,71.77755710029791,99.99520293580329,92.43420537015848,NA,NA,NA,NA,NA,NA
0.05,0.5,0,100,100,0.49292415328351086,99.7432092659,92.70185118422496,56.5749721736365,99.7432092659,89.93761462137718,4.833836858006042,99.7432092659,92.48789128015424,6.598823342343775,99.7432092659,92.40089659388373,58.856733979965014,99.99175631672232,90.38708716710818,71.54555573223088,99.99134413255842,92.05605279245106,NA,NA,NA,NA,NA,NA
0.1,0.5,0,100,100,0.9944707426707506,99.46098439897587,92.70185118422496,57.01897450177016,99.46098439897587,87.18278288947756,4.447273161223596,99.46098439897587,92.36170979826638,5.636660169457815,99.46098439897587,92.24454127937051,58.74537571104658,99.98217770996614,88.05390535605122,71.2597955368153,99.98174301996531,91.44904932833833,72.19459803492582,99.98261239996697,86.73566155148362,82.28250924857791,99.98174301996531,91.60109409533364
0.2,0.5,0,100,100,2.077534791252485,98.82569989457654,92.70185118422496,57.44731610337972,98.82569989457654,81.78793673683715,5.47117296222664,98.82569989457654,92.03293258303682,6.63220675944334,98.82569989457654,91.8040816966315,58.6182902584493,99.9502167037601,83.35775976926814,71.36580516898609,99.94972863222834,90.18919384924055,66.53677932405566,99.97559642341182,81.83260968384093,79.03180914512923,99.97510835188005,90.14412903428061
0.5,0.5,0,100,100,4.436851932779786,96.1718973502509,92.70185118422496,58.46807834412617,96.1718973502509,66.05443829647162,7.139962655436813,96.1718973502509,91.36871639732276,8.79504191331294,96.1718973502509,90.55245544461337,58.13118271026181,99.55309163167946,68.78301487530761,70.45091573636327,99.55309163167946,86.62554665579886,NA,NA,NA,NA,NA,NA
0,0.6000000000000001,NaN,100,100,NaN,100,92.70185118422496,NaN,100,92.70185118422496,NaN,99.88243961314795,92.57841277803031,NaN,99.07675909525526,91.73393733247644,NaN,99.99882439613148,92.70028371240026,NaN,99.9984325281753,92.70185118422496,NaN,99.60578083608948,92.28725488659342,NaN,99.75704186717243,92.59683057197047
0.001,0.6000000000000001,0,100,100,0,99.99607741611555,92.70185118422496,55.118110236220474,99.99607741611555,92.64698967036068,10.236220472440944,99.99607741611555,92.69166261736446,67.71653543307087,99.7583688327175,92.38718121541766,61.811023622047244,99.99882322483467,92.65051648196624,71.25984251968504,99.99843096644622,92.69127074940829,90.94488188976378,99.6991378160622,92.30645641644591,93.30708661417323,99.82662179230702,92.57998024985501
0.002,0.6000000000000001,0,100,100,0,99.9929323349602,92.70185118422496,55.818540433925044,99.9929323349602,92.59095255262787,6.903353057199212,99.9929323349602,92.68813580575889,45.956607495069036,99.88966589576765,92.503174130445,61.1439842209073,99.9988220558267,92.60270859131307,71.00591715976331,99.99842940776892,92.68147405050394,89.15187376725838,99.72946548819897,92.26452654513535,90.92702169625247,99.83783635214249,92.5639136636519
0.005,0.6000000000000001,0,100,100,0.07898894154818326,99.98149037893526,92.70185118422496,56.477093206951025,99.98149037893526,92.42205746351709,5.608214849921011,99.98149037893526,92.67442042729282,28.041074249605057,99.96061782752183,92.54118532219383,62.08530805687204,99.99803089137609,92.44674514475602,72.35387045813586,99.99763706965132,92.64738153831685,88.78357030015798,99.76331314340624,92.07055190682948,91.78515007898895,99.86373768322557,92.50944401774377
0.01,0.6000000000000001,0,100,100,0.11885895404120445,99.95488079029859,92.70185118422496,55.38827258320127,99.95488079029859,92.15519538536296,5.11093502377179,99.95488079029859,92.6524758217471,15.61014263074485,99.95171452996865,92.5447121337994,61.568938193343904,99.99841686983504,92.21162437105193,71.83042789223455,99.9980210872938,92.59134442058404,88.86687797147384,99.7823196023177,91.71865448218568,91.64025356576863,99.85039419941107,92.42440867125413
0.02,0.6000000000000001,0,100,100,0.15873015873015872,99.89806034827382,92.70185118422496,55.1984126984127,99.89806034827382,91.61480947379971,4.484126984126984,99.89806034827382,92.61642396977913,8.571428571428571,99.89766058493372,92.53530730285124,61.50793650793651,99.99320402321825,91.72257316174742,71.56746031746032,99.99280425987816,92.48749941219808,85.1984126984127,99.8624814110047,91.1198802451526,88.96825396825396,99.89646129491341,92.32369860651755
0.05,0.6000000000000001,0,100,100,0.4915563307698406,99.74399670205091,92.70185118422496,55.442797114088634,99.74399670205091,89.98581437998652,4.336795369856497,99.74399670205091,92.51179522548082,5.90660429715373,99.74399670205091,92.43420537015848,61.57139459288036,99.99093064000824,90.2405285514993,72.02885911361294,99.99051839637225,92.16695142404815,NA,NA,NA,NA,NA,NA
0.1,0.6000000000000001,0,100,100,0.9906090264294488,99.45771055572709,92.70185118422496,56.080358204223955,99.45771055572709,87.25371098954497,3.7960137892776475,99.45771055572709,92.42440867125413,4.7390735824384835,99.45771055572709,92.33114409768484,61.774378888140426,99.97825623719837,87.73296549994514,72.0093513492095,99.97782136194233,91.66144176058435,75.89253873281294,99.96999360733373,86.33517250027431,83.16360898680509,99.96868898156563,91.84522783202972
0.2,0.6000000000000001,0,100,100,2.0679409725661086,98.81731093340107,92.70185118422496,56.54550856690106,98.81731093340107,81.92430678558553,4.827176389026444,98.81731093340107,92.1559791212753,5.752203624839061,98.81731093340107,91.97297678574228,61.31722293750619,99.94088997230133,82.7644716836215,71.74606318708527,99.94040145967573,90.63866639497155,69.18292562147172,99.96824667933542,81.25225324074799,79.41962959294841,99.96775816670981,90.57831872972083
0.5,0.6000000000000001,0,100,100,4.427927321135667,96.14618300785338,92.70185118422496,57.518680813635605,96.14618300785338,66.44669812060128,6.7464876900767825,96.14618300785338,91.55524554446134,7.981045808603872,96.14618300785338,90.94471526874305,61.54644648531288,99.46429540503455,66.96239635092559,70.85872312775854,99.46429540503455,88.09661896327412,NA,NA,NA,NA,NA,NA
0,0.7000000000000001,NaN,100,100,NaN,100,92.70185118422496,NaN,100,92.70185118422496,NaN,99.88243961314795,92.57841277803031,NaN,99.07675909525526,91.73393733247644,NaN,99.99882439613148,92.70028371240026,NaN,99.9984325281753,92.70185118422496,NaN,99.60578083608948,92.28725488659342,NaN,99.75704186717243,92.59683057197047
0.001,0.7000000000000001,0,100,100,0,99.99607743150214,92.70185118422496,54.1501976284585,99.99607743150214,92.6481652742292,5.928853754940711,99.99607743150214,92.69597316488236,67.58893280632411,99.73797242434345,92.36288540213489,62.450592885375485,99.99882322945064,92.65090834992242,69.1699604743083,99.99843097260086,92.69440569305767,90.9090909090909,99.71129895855806,92.31977992695582,92.88537549407114,99.83995920528763,92.58625013715378
0.002,0.7000000000000001,0,100,100,0,99.99293239046186,92.70185118422496,55.24752475247525,99.99293239046186,92.59252002445257,6.336633663366337,99.99293239046186,92.68931140962742,48.71287128712871,99.87199773836495,92.47613524146904,64.15841584158416,99.99842942010264,92.59722243992664,72.07920792079207,99.9980367751283,92.68421712619715,88.91089108910892,99.71808090842342,92.25394611031867,91.2871287128713,99.83705233564864,92.56038685204634
0.005,0.7000000000000001,0,100,100,0.07905138339920949,99.98109663165606,92.70185118422496,55.33596837944664,99.98109663165606,92.4279354828597,4.58498023715415,99.98109663165606,92.67951471072308,30.27667984189723,99.95983034226911,92.5298211514648,64.03162055335969,99.9988185394785,92.4381240497202,72.49011857707511,99.99842471930467,92.6540432935718,90.19762845849803,99.7530747510072,92.05174224493314,92.88537549407114,99.85192361463908,92.49416116745302
0.01,0.7000000000000001,0,100,100,0.1188118811881188,99.9556721799393,92.70185118422496,55.00990099009901,99.9556721799393,92.15872219696851,3.9207920792079207,99.9556721799393,92.66423186043231,20.07920792079208,99.95329747529318,92.50121479066414,64.79207920792079,99.99722951124622,92.17713999090866,72.91089108910892,99.99683372713852,92.6097622145242,90.05940594059406,99.78152717255792,91.70102042415787,92.47524752475248,99.85593458480268,92.38443813972444
0.02,0.7000000000000001,0,100,100,0.15819655922483686,99.89765362949814,92.70185118422496,54.478940083053196,99.89765362949814,91.6253899086164,3.7176191417836666,99.89765362949814,92.63131495211373,8.384417638916354,99.89725383898836,92.53844224650062,64.36622503460549,99.99680167592182,91.6681035158393,72.37492584536285,99.99640188541204,92.52864554759628,NA,NA,NA,NA,NA,NA
0.05,0.7000000000000001,0,100,100,0.4899636478583847,99.74189185846109,92.70185118422496,54.63884937569148,99.74189185846109,90.01677194852422,3.4771613718982137,99.74189185846109,92.55372509679138,4.852220641694325,99.74189185846109,92.4855400724172,64.58036984352773,99.98680597359545,90.0837813690299,72.44349612770665,99.98639366027031,92.28686301863725,NA,NA,NA,NA,NA,NA
0.1,0.7000000000000001,0,100,100,0.9877518767285659,99.4562333063625,92.70185118422496,55.06519162386409,99.4562333063625,87.33835446807844,3.4452785460292374,99.4562333063625,92.45810931548505,4.654286843145003,99.4562333063625,92.33819772089596,64.35401027261952,99.97824933225449,87.45787419471135,72.55235084946662,99.97781431889959,91.86521309779457,77.88225997629395,99.97259415864067,86.11690204868567,83.89964440932438,99.97128911857594,91.93731680173049
0.2,0.7000000000000001,0,100,100,2.064482990240626,98.81507552427043,92.70185118422496,55.608676755304444,98.81507552427043,82.08105396805493,4.174404362084634,98.81507552427043,92.28333620703168,4.81449286814967,98.81507552427043,92.15637098923148,64.2162866964321,99.93205259813267,82.15433327585937,72.46631633015923,99.93156376790341,91.06541059924447,72.46631633015923,99.9633377328054,80.57157860087464,80.42988660160417,99.96284890257614,90.99957678260733
0.5,0.7000000000000001,0,100,100,4.41568088250401,96.11237649546405,92.70185118422496,56.575713755146225,96.11237649546405,66.83543113312538,6.301116563544556,96.11237649546405,91.76685424079503,7.081841816213482,96.11237649546405,91.37968870009561,64.997747907925,99.46128312564618,65.18723450945969,71.49404578463678,99.46128312564618,89.48030471652272,NA,NA,NA,NA,NA,NA
0,0.8,NaN,100,100,NaN,100,92.70185118422496,NaN,100,92.70185118422496,NaN,99.88243961314795,92.57841277803031,NaN,99.07675909525526,91.73393733247644,NaN,99.99882439613148,92.70028371240026,NaN,99.9984325281753,92.70185118422496,NaN,99.60578083608948,92.28725488659342,NaN,99.75704186717243,92.59683057197047
0.001,0.8,0,100,100,0,99.99607741611555,92.70185118422496,54.7244094488189,99.99607741611555,92.64738153831685,4.330708661417323,99.99607741611555,92.69754063670706,74.01574803149606,99.74228623879121,92.35857485461699,66.92913385826772,99.99882322483467,92.64620593444833,72.83464566929135,99.99843096644622,92.69479756101384,94.88188976377953,99.69129264829328,92.29430850980454,95.2755905511811,99.8289753426377,92.57371036255624
0.002,0.8,0,100,100,0,99.99293227945768,92.70185118422496,53.83104125736738,99.99293227945768,92.59447936423342,5.1080550098231825,99.99293227945768,92.69166261736446,59.921414538310415,99.86963982110814,92.45105569227393,66.60117878192534,99.99842939543504,92.59134442058404,72.10216110019645,99.9980367442938,92.68931140962742,91.94499017681729,99.72278829428419,92.25159490258163,92.73084479371316,99.83901303209137,92.55333322883521
0.005,0.8,0,100,100,0.07892659826361484,99.98070265948859,92.70185118422496,54.14364640883977,99.98070265948859,92.43342163424613,3.1570639305445938,99.98070265948859,92.68656833393419,50.98658247829518,99.96101149570143,92.426368011035,68.11365430149961,99.99803088362128,92.41774691599919,73.63851617995265,99.99763706034554,92.66971801181873,90.37095501183899,99.74834692680007,92.0493910371961,92.10734017363852,99.84680274573587,92.47691897738139
0.01,0.8,0,100,100,0.11838989739542227,99.9544832062821,92.70185118422496,53.70955011838989,99.9544832062821,92.16969449974137,2.841357537490134,99.9544832062821,92.674812295249,29.04498816101026,99.94894203139472,92.40795021709485,66.37726913970008,99.99683361435005,92.16028966879321,71.86266771902132,99.99643781614381,92.63680110350016,89.93685872138911,99.77083283858558,91.69279119707822,91.4364640883978,99.84722189239038,92.37385770490776
0.02,0.8,0,100,100,0.15772870662460567,99.89764749156392,92.70185118422496,52.85883280757098,99.89764749156392,91.65438813737323,2.8194006309148265,99.89764749156392,92.64894901014155,11.67192429022082,99.89724767707784,92.47260842986348,67.03470031545741,99.99560204065314,91.60814771854476,72.35804416403786,99.99520222616705,92.57841277803031,88.42665615141956,99.842073277999,91.0250481997586,89.94479495268138,99.88085528314862,92.2802012633823
0.05,0.8,0,100,100,0.48907470221661276,99.74145502678229,92.70185118422496,53.56945649601641,99.74145502678229,90.06497170713357,2.7766821803265755,99.74145502678229,92.58820947693465,4.519996844679341,99.74145502678229,92.50160665862032,67.30298966632485,99.98969118926564,89.94662758436918,72.99834345665379,99.98927883683628,92.39580231045346,NA,NA,NA,NA,NA,NA
0.1,0.8,0,100,100,0.9860377060818805,99.4574344962016,92.70185118422496,54.11374930977361,99.4574344962016,87.42338981456808,2.8950067050564012,99.4574344962016,92.51218709343699,3.8613236570166443,99.4574344962016,92.41617944417449,67.51202966001419,99.97998555479171,87.13928554634231,73.33359627672162,99.97955045815675,92.0968070598931,81.09962924982251,99.97345910526728,85.78851670141229,85.08716573321765,99.97171871872743,92.06624135931156
0.2,0.8,0,100,100,2.0590727276309826,98.80696742761829,92.70185118422496,54.78118657760438,98.80696742761829,82.21664028089096,3.4738231758980116,98.80696742761829,92.4204899916924,3.919134598333038,98.80696742761829,92.33192783359719,67.08045161671691,99.93836732098397,81.57201749298557,72.98181316624303,99.93787817273781,91.52820665548536,75.43693720320782,99.96869451224583,79.95556217376992,80.96983310673681,99.96820536399966,91.461197234979693
0.5,0.8,0,100,100,4.40333856132912,96.0882882461596,92.70185118422496,55.75302842821226,96.0882882461596,67.17047823565372,5.7431766773591,96.0882882461596,92.03567565873003,6.2121200179695935,96.0882882461596,91.80251422480681,67.97629274674695,99.44040465446157,63.6040879665188,72.18259629101283,99.44040465446157,90.61045190212705,NA,NA,NA,NA,NA,NA
0,0.9,NaN,100,100,NaN,100,92.70185118422496,NaN,100,92.70185118422496,NaN,99.88243961314795,92.57841277803031,NaN,99.07675909525526,91.73393733247644,NaN,99.99882439613148,92.70028371240026,NaN,99.9984325281753,92.70185118422496,NaN,99.60578083608948,92.28725488659342,NaN,99.75704186717243,92.59683057197047
0.001,0.9,0,100,100,0,99.99607740072882,92.70185118422496,53.333333333333336,99.99607740072882,92.64855714218537,2.7450980392156863,99.99607740072882,92.69910810853175,81.96078431372548,99.69678307633771,92.30097026505949,68.62745098039215,99.99882322021864,92.64385472671128,72.15686274509804,99.99843096029153,92.69754063670706,93.72549019607843,99.69482177670211,92.29940279323479,94.11764705882352,99.82701337214091,92.57214289073154
0.002,0.9,0,100,100,0,99.99293227945768,92.70185118422496,53.83104125736738,99.99293227945768,92.59447936423342,3.143418467583497,99.99293227945768,92.69558129692619,69.54813359528488,99.81388335905199,92.37503330877628,69.54813359528488,99.99882204657628,92.5858582691976,73.47740667976424,99.99842939543504,92.69127074940829,92.73084479371316,99.68902029613749,92.21358371083281,93.1237721021611,99.81780987046439,92.55019828518583
0.005,0.9,0,100,100,0.07886435331230283,99.98070258349087,92.70185118422496,52.99684542586751,99.98070258349087,92.43890778563255,1.5772870662460567,99.98070258349087,92.69440569305767,61.987381703470035,99.93501890359168,92.34642694797562,70.347003154574125,99.99724322621299,92.40481527344546,73.42271293375394,99.99684940138627,92.68147405050394,91.16719242902208,99.73141146817895,92.02156841230779,91.8769716088328,99.84404536862004,92.473784033732
0.01,0.9,0,100,100,0.1178318931657502,99.95448104432359,92.70185118422496,52.43519245875884,99.95448104432359,92.17988306660187,2.7494108405341713,99.95448104432359,92.67559603116135,42.9693637077769,99.94300235115301,92.26099973352979,70.07069913589945,99.99841673197648,92.12149474113203,73.13432835820896,99.99802091497058,92.65796197313352,90.69128043990573,99.76132234545325,91.66731977992696,91.5553809897879,99.86225568195312,92.37268210103923
0.02,0.9,0,100,100,0.15723270440251574,99.89724110355857,92.70185118422496,52.181603773584904,99.89724110355857,91.66457670423375,1.6312893081761006,99.89724110355857,92.67246108751195,27.77122641509434,99.89684126349461,92.15088483784504,69.3003144654088,99.99640143942423,91.56073169584776,72.85770440251572,99.99600159936026,92.60897847861185,NA,NA,NA,NA,NA,NA
0.05,0.9,0,100,100,0.48738306736891757,99.74140810914474,92.70185118422496,52.96753399889946,99.74140810914474,90.08574070881076,1.7372848046537221,99.74140810914474,92.63954417919338,6.7604748054398245,99.74140810914474,92.38914055519852,70.3482430626523,99.99010174580458,89.78478611846951,73.83853470639102,99.98968931854644,92.4972961111024,NA,NA,NA,NA,NA,NA
0.1,0.9,0,100,100,0.9827044025157232,99.45505510385291,92.70185118422496,53.23899371069183,99.45505510385291,87.4923585748546,2.1540880503144653,99.45505510385291,92.58507453328527,3.227201257861635,99.45505510385291,92.4780945812499,69.98427672955975,99.97954280341939,86.87203160023198,73.5377358490566,99.97910754391769,92.3170368512626,82.69654088050315,99.96604975886623,85.59846074266815,84.92924528301887,99.96474398036109,92.18419361411979
0.2,0.9,0,100,100,2.0536503881300976,98.80324811676773,92.70185118422496,53.64056205168517,98.80324811676773,82.41531733467092,3.034293013658249,98.80324811676773,92.50630907409439,3.3231797189741576,98.80324811676773,92.44870448453689,69.72192198093741,99.93685848959633,81.00459269244635,73.233762405424,99.93636902052344,92.00158314654294,NA,NA,NA,NA,NA,NA
0.5,0.9,0,100,100,4.3942656837008975,96.06186598308767,92.70185118422496,54.76837952119716,96.06186598308767,67.5858582691976,5.1016237798072845,96.06186598308767,92.34917002366882,5.309115487998492,96.06186598308767,92.24571688323903,70.9267962965874,99.38571674195414,62.02446823518347,73.24614489837622,99.38571674195414,91.545448845557,NA,NA,NA,NA,NA,NA
0,1,NaN,100,100,NaN,100,92.70185118422496,NaN,100,92.70185118422496,NaN,99.88243961314795,92.57841277803031,NaN,99.07675909525526,91.73393733247644,NaN,99.99882439613148,92.70028371240026,NaN,99.9984325281753,92.70185118422496,NaN,99.60578083608948,92.28725488659342,NaN,99.75704186717243,92.59683057197047
0.001,1,0,100,100,0,99.99607740072882,92.70185118422496,52.94117647058824,99.99607740072882,92.64894901014155,71.37254901960785,99.91448733588825,92.5447121337994,88.62745098039215,99.63480600785304,92.23200150477295,70.19607843137254,99.99843096029153,92.6422872548866,71.37254901960785,99.99803870036442,92.6998918444441,91.37254901960785,99.66304872260555,92.2696208285656,91.37254901960785,99.78700285957487,92.56312992773955
0.002,1,0,100,100,0,99.99293225170608,92.70185118422496,52.94117647058824,99.99293225170608,92.59604683605812,71.76470588235294,99.9250033375478,92.48671567628571,85.68627450980392,99.81780915508995,92.34642694797562,73.13725490196077,99.99842938926801,92.57802091007414,74.31372549019608,99.99803673658502,92.69479756101384,92.54901960784314,99.69530151799528,92.22142106995626,92.54901960784314,99.81152671216202,92.53413169898272
0.005,1,0,100,100,0.0784313725490196,99.98070205149008,92.70185118422496,51.68627450980392,99.98070205149008,92.44400206906282,70.66666666666667,99.94525683994124,92.31272630374468,80.70588235294117,99.92359587732807,92.23905512798407,72.3921568627451,99.99803082158061,92.39462670658494,73.49019607843137,99.99763698589675,92.68891954167124,93.09803921568628,99.742825298429,92.02470335595717,93.25490196078431,99.84325339781736,92.45850118344123
0.01,1,0,100,100,0.11760094080752645,99.954480143446915,92.70185118422496,51.626813014504116,99.954480143446915,92.18693668981301,68.13014504116033,99.94775112117385,92.01451478909667,74.87259898079185,99.9406262740612,91.93888427355519,72.79498235985888,99.99722922612285,92.09367211624371,73.93179145433163,99.99683340128327,92.67716350298603,92.15993727949824,99.78704623629952,91.68103515839303,92.27753822030577,99.86066965646361,92.35152123140587
0.02,1,0,100,100,0.1567705271408975,99.89643521202791,92.70185118422496,50.79365079365079,99.89643521202791,91.68926438547267,62.139917695473244,99.89563548393546,91.46158910293587,67.43092298647855,99.89563548393546,91.35500101885668,72.23202038016852,99.99280244716796,91.4968572189915,73.60376249265138,99.99240258312174,92.65012461401007,90.47619047619048,99.82685886798488,90.96195745881468,90.80932784636488,99.88164024231762,92.18536921798831
0.05,1,0,100,100,0.4859314993338036,99.74054259185164,92.70185118422496,51.86143114664159,99.74054259185164,90.13315673150774,50.99145701073752,99.74054259185164,90.176654074643,54.52621678814954,99.74054259185164,89.99992162640876,72.88188729524258,99.99051268618854,89.6491998056335,74.1594168822008,99.99010019428368,92.60937034656803,NA,NA,NA,NA,NA,NA
0.1,1,0,100,100,0.9797006034955718,99.45312840161972,92.70185118422496,52.17493533976017,99.45312840161972,87.58248820477452,36.89944353005721,99.45312840161972,89.10998949793878,39.39572066776393,99.45312840161972,88.86036960985626,72.81918645661885,99.978665041146,86.56872580215371,74.10847245081904,99.97822963382245,92.55568443657225,85.06936280272748,99.9616841555275,85.33473360816339,85.78650364448625,99.96081334088039,92.17635625499632
0.2,1,0,100,100,2.047534141897055,98.79598924325622,92.70185118422496,52.6343633050532,98.79598924325622,82.58460429173785,17.675411956031898,98.79598924325622,89.57631236578523,19.309520543919117,98.79598924325622,89.24949449033653,72.65709191370966,99.91623847054386,80.36388858410271,73.94635264611948,99.91574863703828,92.44400206906282,81.16856398299272,99.95493531748558,78.72548865934135,82.22466054039226,99.9539556504744,92.30645641644591
0.5,1,0,100,100,4.381867485931941,96.03664749126133,92.70185118422496,53.6937473548913,96.03664749126133,68.04591124974529,4.381867485931941,96.03664749126133,92.70185118422496,4.381867485931941,96.03664749126133,92.70185118422496,73.39138203990784,99.27190933742966,60.6419580858034,73.99329122059031,99.27190933742966,92.40089659388373,NA,NA,NA,NA,NA,NA
